<?xml version="1.0" encoding="UTF-8"?>
<module codename="com.iontorrent.commons">
    <module_version install_time="1328695189905" last="true" origin="installer" specification_version="1.0">
        <file crc="68283903" name="config/Modules/com-iontorrent-commons.xml"/>
        <file crc="3501859939" name="modules/com-iontorrent-commons.jar"/>
        <file crc="919992673" name="modules/ext/commons-cli-1.2.jar"/>
        <file crc="3507394090" name="modules/ext/commons-collections-3.1.jar"/>
        <file crc="3043587395" name="modules/ext/commons-configuration-1.2.jar"/>
        <file crc="2988407296" name="modules/ext/commons-lang-2.4.jar"/>
        <file crc="1087393866" name="modules/ext/commons-logging-1.0.4.jar"/>
    </module_version>
</module>
