<?xml version="1.0" encoding="UTF-8"?>
<module codename="com.iontorrent.jcommon">
    <module_version install_time="1328260550260" last="true" origin="installer" specification_version="1.0">
        <file crc="2692868843" name="config/Modules/com-iontorrent-jcommon.xml"/>
        <file crc="1421892641" name="modules/com-iontorrent-jcommon.jar"/>
        <file crc="3507394090" name="modules/ext/commons-collections-3.1.jar"/>
        <file crc="3043587395" name="modules/ext/commons-configuration-1.2.jar"/>
        <file crc="2988407296" name="modules/ext/commons-lang-2.4.jar"/>
        <file crc="1087393866" name="modules/ext/commons-logging-1.0.4.jar"/>
        <file crc="1583173647" name="modules/ext/jcommon-1.0.14.jar"/>
    </module_version>
</module>
