<?xml version="1.0" encoding="UTF-8" standalone="no"?>
<module codename="org.netbeans.swing.plaf">
    <module_version install_time="1302219233070" last="false" origin="installer" specification_version="1.19.1">
        <file crc="4198966476" name="config/Modules/org-netbeans-swing-plaf.xml"/>
        <file crc="59536228" name="modules/org-netbeans-swing-plaf.jar"/>
    </module_version>
    <module_version install_time="1316759867698" last="true" origin="updater" specification_version="1.20.2">
        <file crc="2582055376" name="modules/locale/org-netbeans-swing-plaf_ja.jar"/>
        <file crc="3372089742" name="modules/locale/org-netbeans-swing-plaf_pt_BR.jar"/>
        <file crc="1514776670" name="modules/locale/org-netbeans-swing-plaf_ru.jar"/>
        <file crc="3627536314" name="modules/locale/org-netbeans-swing-plaf_zh_CN.jar"/>
        <file crc="4198966476" name="config/Modules/org-netbeans-swing-plaf.xml"/>
        <file crc="497658304" name="modules/org-netbeans-swing-plaf.jar"/>
    </module_version>
</module>
