<?xml version="1.0" encoding="UTF-8" standalone="no"?>
<module codename="org.netbeans.modules.queries/1">
    <module_version install_time="1302219331458" last="false" origin="installer" specification_version="1.22.1">
        <file crc="28992633" name="config/ModuleAutoDeps/org-netbeans-modules-queries.xml"/>
        <file crc="4168841736" name="config/Modules/org-netbeans-modules-queries.xml"/>
        <file crc="2823271890" name="modules/org-netbeans-modules-queries.jar"/>
    </module_version>
    <module_version install_time="1316759867467" last="true" origin="updater" specification_version="1.23.1">
        <file crc="2525415841" name="modules/locale/org-netbeans-modules-queries_ja.jar"/>
        <file crc="562460943" name="modules/locale/org-netbeans-modules-queries_pt_BR.jar"/>
        <file crc="2078256626" name="modules/locale/org-netbeans-modules-queries_ru.jar"/>
        <file crc="4110174997" name="modules/locale/org-netbeans-modules-queries_zh_CN.jar"/>
        <file crc="28992633" name="config/ModuleAutoDeps/org-netbeans-modules-queries.xml"/>
        <file crc="4168841736" name="config/Modules/org-netbeans-modules-queries.xml"/>
        <file crc="2822625773" name="modules/org-netbeans-modules-queries.jar"/>
    </module_version>
</module>
