<?xml version="1.0" encoding="UTF-8" standalone="no"?>
<module codename="org.netbeans.modules.keyring">
    <module_version install_time="1302219258310" last="false" origin="installer" specification_version="1.5.1">
        <file crc="3581559990" name="config/Modules/org-netbeans-modules-keyring.xml"/>
        <file crc="2940776022" name="modules/org-netbeans-modules-keyring.jar"/>
    </module_version>
    <module_version install_time="1316759864518" last="true" origin="updater" specification_version="1.6.1">
        <file crc="3629906083" name="modules/locale/org-netbeans-modules-keyring_ja.jar"/>
        <file crc="4116109345" name="modules/locale/org-netbeans-modules-keyring_pt_BR.jar"/>
        <file crc="423955455" name="modules/locale/org-netbeans-modules-keyring_ru.jar"/>
        <file crc="872168369" name="modules/locale/org-netbeans-modules-keyring_zh_CN.jar"/>
        <file crc="3581559990" name="config/Modules/org-netbeans-modules-keyring.xml"/>
        <file crc="4201553183" name="modules/org-netbeans-modules-keyring.jar"/>
    </module_version>
</module>
