<?xml version="1.0" encoding="UTF-8" standalone="no"?>
<module codename="org.openide.filesystems">
    <module_version install_time="1302219316848" last="false" origin="installer" specification_version="7.46.1">
        <file crc="3734577650" name="core/org-openide-filesystems.jar"/>
    </module_version>
    <module_version install_time="1316759866748" last="true" origin="updater" specification_version="7.47.1">
        <file crc="2354281212" name="core/locale/org-openide-filesystems_ja.jar"/>
        <file crc="2608935126" name="core/locale/org-openide-filesystems_pt_BR.jar"/>
        <file crc="1370063030" name="core/locale/org-openide-filesystems_ru.jar"/>
        <file crc="2531019199" name="core/locale/org-openide-filesystems_zh_CN.jar"/>
        <file crc="1219496117" name="core/org-openide-filesystems.jar"/>
    </module_version>
</module>
