<?xml version="1.0" encoding="UTF-8" standalone="no"?>
<module codename="org.netbeans.modules.progress.ui">
    <module_version install_time="1302220242252" last="false" origin="installer" specification_version="1.15.1">
        <file crc="3222128542" name="config/Modules/org-netbeans-modules-progress-ui.xml"/>
        <file crc="676681630" name="modules/org-netbeans-modules-progress-ui.jar"/>
    </module_version>
    <module_version install_time="1316759866402" last="true" origin="updater" specification_version="1.16.1">
        <file crc="1640616105" name="modules/locale/org-netbeans-modules-progress-ui_ja.jar"/>
        <file crc="4030255378" name="modules/locale/org-netbeans-modules-progress-ui_pt_BR.jar"/>
        <file crc="1183831048" name="modules/locale/org-netbeans-modules-progress-ui_ru.jar"/>
        <file crc="1215171943" name="modules/locale/org-netbeans-modules-progress-ui_zh_CN.jar"/>
        <file crc="3222128542" name="config/Modules/org-netbeans-modules-progress-ui.xml"/>
        <file crc="1996031617" name="modules/org-netbeans-modules-progress-ui.jar"/>
    </module_version>
</module>
