<?xml version="1.0" encoding="UTF-8" standalone="no"?>
<module codename="org.netbeans.bootstrap/1">
    <module_version install_time="1302219503186" last="false" origin="installer" specification_version="2.39.1">
        <file crc="3397273894" name="lib/boot.jar"/>
        <file crc="3687303836" name="lib/nbexec"/>
        <file crc="550213181" name="lib/nbexec.dll"/>
        <file crc="3940266408" name="lib/nbexec.exe"/>
    </module_version>
    <module_version install_time="1316759867386" last="true" origin="updater" specification_version="2.40.1">
        <file crc="3913689233" name="lib/locale/boot_ja.jar"/>
        <file crc="972180236" name="lib/locale/boot_pt_BR.jar"/>
        <file crc="1065279056" name="lib/locale/boot_ru.jar"/>
        <file crc="2192261324" name="lib/locale/boot_zh_CN.jar"/>
        <file crc="607573410" name="lib/boot.jar"/>
        <file crc="3687303836" name="lib/nbexec"/>
        <file crc="550213181" name="lib/nbexec.dll"/>
        <file crc="3940266408" name="lib/nbexec.exe"/>
    </module_version>
</module>
