<?xml version="1.0" encoding="UTF-8" standalone="no"?>
<module codename="org.netbeans.core.multiview/1">
    <module_version install_time="1302219651249" last="false" origin="installer" specification_version="1.21.1">
        <file crc="3216778929" name="config/Modules/org-netbeans-core-multiview.xml"/>
        <file crc="2955698663" name="modules/org-netbeans-core-multiview.jar"/>
    </module_version>
    <module_version install_time="1319092169457" last="true" origin="NetBeans Distribution" specification_version="1.22.1">
        <file crc="2524323317" name="modules/locale/org-netbeans-core-multiview_ja.jar"/>
        <file crc="2007321893" name="modules/locale/org-netbeans-core-multiview_pt_BR.jar"/>
        <file crc="4012837834" name="modules/locale/org-netbeans-core-multiview_ru.jar"/>
        <file crc="2452551967" name="modules/locale/org-netbeans-core-multiview_zh_CN.jar"/>
        <file crc="3216778929" name="config/Modules/org-netbeans-core-multiview.xml"/>
        <file crc="3807954371" name="modules/org-netbeans-core-multiview.jar"/>
    </module_version>
</module>
