<?xml version="1.0" encoding="UTF-8" standalone="no"?>
<module codename="org.openide.actions">
    <module_version install_time="1302219646006" last="false" origin="installer" specification_version="6.21.1">
        <file crc="3556488737" name="config/Modules/org-openide-actions.xml"/>
        <file crc="1951275020" name="modules/org-openide-actions.jar"/>
    </module_version>
    <module_version install_time="1316759864346" last="true" origin="updater" specification_version="6.22.1">
        <file crc="2588469198" name="modules/locale/org-openide-actions_ja.jar"/>
        <file crc="2243468925" name="modules/locale/org-openide-actions_pt_BR.jar"/>
        <file crc="131118643" name="modules/locale/org-openide-actions_ru.jar"/>
        <file crc="4177750575" name="modules/locale/org-openide-actions_zh_CN.jar"/>
        <file crc="3556488737" name="config/Modules/org-openide-actions.xml"/>
        <file crc="1714618276" name="modules/org-openide-actions.jar"/>
    </module_version>
</module>
