<?xml version="1.0" encoding="UTF-8" standalone="no"?>
<module codename="org.netbeans.core.ide/1">
    <module_version install_time="1302219785194" last="false" origin="installer" specification_version="1.23.1">
        <file crc="577140527" name="config/Modules/org-netbeans-core-ide.xml"/>
        <file crc="3453345927" name="modules/org-netbeans-core-ide.jar"/>
    </module_version>
    <module_version install_time="1319092207779" last="true" origin="NetBeans Distribution" specification_version="1.24.1">
        <file crc="328336182" name="modules/locale/org-netbeans-core-ide_ja.jar"/>
        <file crc="3753919335" name="modules/locale/org-netbeans-core-ide_pt_BR.jar"/>
        <file crc="2618637552" name="modules/locale/org-netbeans-core-ide_ru.jar"/>
        <file crc="1736240068" name="modules/locale/org-netbeans-core-ide_zh_CN.jar"/>
        <file crc="577140527" name="config/Modules/org-netbeans-core-ide.xml"/>
        <file crc="3065651360" name="modules/org-netbeans-core-ide.jar"/>
    </module_version>
</module>
